{"cameraMode":{"drawMode":0,"name":"Shaded","section":"Shading Mode"},"sceneLighting":true,"audioPlay":false,"sceneViewState":{"m_AlwaysRefresh":false,"showFog":true,"showSkybox":true,"showFlares":true,"showImageEffects":true,"showParticleSystems":true,"showVisualEffectGraphs":true,"m_FxEnabled":true},"in2DMode":false,"pivot":{"x":0.11477968096733093,"y":17.259408950805665,"z":-28.277172088623048},"rotation":{"x":0.25360384583473208,"y":-0.02584335394203663,"z":0.006774300243705511,"w":0.9669678211212158},"size":1.3460830450057984,"orthographic":false}